BUSINESS NAME,ADDRESS,DELIVERY INSTRUCTIONS,PICKUP TYPE,START DATE,PICKUP DAY,PAYING FROM,BIN TYPE,No. OF BINS,EXTRA PICKUP,4 Feb 2026,5 Feb 2026,6 Feb 2026,11 Feb 2026,12 Feb 2026,13 Feb 2026,18 Feb 2026,19 Feb 2026,20 Feb 2026
Altherm,53a Rimu Street Strandon New Plymouth,,Fortnight,12 Feb 2026,Thursday,12 Feb 2026,Bkts,1,-,,,,Pick Up,,,,Pick Up,
Columbus,5 Vickers Road New Plymouth,Ask someone in the cafe to open the back door for you,Week,5 Feb 2026,Thursday,5 Feb 2026,W-Bins,2,-,,Pick Up,,,Pick Up,,,Pick Up,,
Novotel,Cnr Hobson & Leach Streets New Plymouth,,Week,5 Feb 2026,Thursday,5 Feb 2026,W-Bins,2,-,,Pick Up,,,Pick Up,,,Pick Up,,
TOI,121 Gill Street New Plymouth,Go to the back door on Davidson Street,Week,5 Feb 2026,Thursday,5 Feb 2026,Bkts,1,Paper towels,,Pick Up,,,Pick Up,,,Pick Up,,
Foodbank,40 Vivian Street New Plymouth,,Fortnight,5 Feb 2026,Thursday,5 Feb 2026,W-Bins,1,-,,Pick Up,,,,,Pick Up,,,
Juno Gin,16D Sunley Street New Plymouth,,Fortnight,5 Feb 2026,Thursday,5 Feb 2026,W-Bins,1,-,,Pick Up,,,,,Pick Up,,,
Life Skills,,,Week,12 Feb 2026,Thursday,12 Feb 2026,W-Bins,1,-,,,,Pick Up,,,,Pick Up,,
Venture Taranaki,,,Fortnight,12 Feb 2026,Thursday,12 Feb 2026,Bkts,1,-,,,,Pick Up,,,,Pick Up,,
Top 10 Park,,,Fortnight,12 Feb 2026,Thursday,12 Feb 2026,W-Bins,1,-,,,,Pick Up,,,,Pick Up,,
TSB - call centre,,,Fortnight,9 Feb 2026,Monday,4 Feb 2026,Bkts,2,-,Pick Up,,,,Pick Up,,,,
